{
  "weekday_means": {
    "0": 113.30136160999999,
    "1": 110.297238515,
    "2": 108.22046125490195,
    "3": 106.11859756122449,
    "4": 106.93501993999999,
    "5": 105.08359280612245,
    "6": 102.14146236601309
  }
}