{
  "mae": 14.96957173074021,
  "rmse": 18.029682539927194,
  "n_train": 274,
  "n_test": 69
}